<?xml version="1.0" encoding="UTF-8"?>
<schemalist gettext-domain="hippo-tv-layout">
  <schema id="org.gnome.shell.extensions.hippo-tv-layout" path="/org/gnome/shell/extensions/hippo-tv-layout/">
    <key type="i" name="ws-thumbnails-position">
      <default>0</default>
    </key>
    <key type="b" name="ws-thumbnails-full">
      <default>false</default>
    </key>
    <key type="i" name="secondary-ws-thumbnails-position">
      <default>2</default>
    </key>
    <key type="i" name="ws-max-spacing">
      <default>350</default>
    </key>
    <key type="i" name="ws-preview-scale">
      <default>95</default>
    </key>
    <key type="i" name="secondary-ws-preview-scale">
      <default>95</default>
    </key>
    <key type="b" name="secondary-ws-preview-shift">
      <default>false</default>
    </key>
    <key type="i" name="dash-position">
      <default>0</default>
    </key>
    <key type="i" name="dash-position-adjust">
      <default>-100</default>
    </key>
    <key type="i" name="show-app-icon-position">
      <default>0</default>
    </key>
    <key type="i" name="dash-show-windows-icon">
      <default>1</default>
    </key>
    <key type="i" name="dash-show-recent-files-icon">
      <default>1</default>
    </key>
    <key type="i" name="dash-show-extensions-icon">
      <default>1</default>
    </key>
    <key type="i" name="wst-position-adjust">
      <default>-100</default>
    </key>
    <key type="i" name="show-wst-labels">
      <default>3</default>
    </key>
    <key type="b" name="show-wst-labels-on-hover">
      <default>false</default>
    </key>
    <key type="i" name="sec-wst-position-adjust">
      <default>0</default>
    </key>
    <key type="i" name="close-ws-button-mode">
      <default>2</default>
    </key>
    <key type="b" name="center-dash-to-ws">
      <default>false</default>
    </key>
    <key type="b" name="show-search-entry">
      <default>false</default>
    </key>
    <key type="b" name="center-search">
      <default>true</default>
    </key>
    <key type="b" name="center-app-grid">
      <default>false</default>
    </key>
    <key type="i" name="ws-thumbnail-scale">
      <default>13</default>
    </key>
    <key type="i" name="ws-thumbnail-scale-appgrid">
      <default>13</default>
    </key>
    <key type="i" name="secondary-ws-thumbnail-scale">
      <default>13</default>
    </key>
    <key type="i" name="dash-max-icon-size">
      <default>0</default>
    </key>
    <key type="i" name="dash-bg-opacity">
      <default>20</default>
    </key>
    <key type="i" name="dash-bg-color">
      <default>1</default>
    </key>
    <key type="i" name="dash-bg-radius">
      <default>18</default>
    </key>
    <key type="b" name="dash-bg-gs3-style">
      <default>false</default>
    </key>
    <key type="i" name="running-dot-style">
      <default>1</default>
    </key>
    <key type="b" name="enable-page-shortcuts">
      <default>false</default>
    </key>
    <key type="b" name="show-ws-switcher-bg">
      <default>false</default>
    </key>
    <key type="b" name="show-ws-preview-bg">
      <default>true</default>
    </key>
    <key type="i" name="ws-preview-bg-radius">
      <default>30</default>
    </key>
    <key type="i" name="show-overview-background">
      <default>1</default>
    </key>
    <key type="i" name="overview-bg-blur-sigma">
      <default>100</default>
    </key>
    <key type="i" name="app-grid-bg-blur-sigma">
      <default>100</default>
    </key>
    <key type="i" name="overview-bg-brightness">
      <default>60</default>
    </key>
    <key type="i" name="app-grid-bg-brightness">
      <default>60</default>
    </key>
    <key type="i" name="search-bg-brightness">
      <default>30</default>
    </key>
    <key type="b" name="smooth-blur-transitions">
      <default>false</default>
    </key>
    <key type="i" name="app-grid-animation">
      <default>4</default>
    </key>
    <key type="i" name="search-view-animation">
      <default>0</default>
    </key>
    <key type="i" name="workspace-animation">
      <default>1</default>
    </key>
    <key type="i" name="workspace-switcher-animation">
      <default>1</default>
    </key>
    <key type="i" name="ws-switcher-mode">
      <default>0</default>
    </key>
    <key type="i" name="animation-speed-factor">
      <default>100</default>
    </key>
    <key type="i" name="win-preview-icon-size">
      <default>1</default>
    </key>
    <key type="i" name="win-title-position">
      <default>0</default>
    </key>
    <key type="i" name="startup-state">
      <default>0</default>
    </key>
    <key type="i" name="overview-mode">
      <default>0</default>
    </key>
    <key type="i" name="search-icon-size">
      <default>0</default>
    </key>
    <key type="i" name="search-width-scale">
      <default>100</default>
    </key>
    <key type="i" name="app-grid-icon-size">
      <default>-1</default>
    </key>
    <key type="i" name="app-grid-columns">
      <default>0</default>
    </key>
    <key type="i" name="app-grid-rows">
      <default>0</default>
    </key>
    <key type="i" name="app-grid-order">
      <default>0</default>
    </key>
    <key type="i" name="app-folder-order">
      <default>0</default>
    </key>
    <key type="i" name="app-grid-content">
      <default>2</default>
    </key>
    <key type="i" name="app-grid-folder-icon-size">
      <default>-1</default>
    </key>
    <key type="i" name="app-grid-folder-columns">
      <default>0</default>
    </key>
    <key type="i" name="app-grid-folder-rows">
      <default>0</default>
    </key>
    <key type="i" name="app-grid-spacing">
      <default>12</default>
    </key>
    <key type="i" name="app-grid-folder-spacing">
      <default>12</default>
    </key>
    <key type="b" name="app-grid-incomplete-pages">
      <default>false</default>
    </key>
    <key type="i" name="app-grid-names">
      <default>1</default>
    </key>
    <key type="i" name="app-grid-folder-icon-grid">
      <default>3</default>
    </key>
    <key type="b" name="app-grid-active-preview">
      <default>false</default>
    </key>
    <key type="b" name="app-grid-folder-center">
      <default>false</default>
    </key>
    <key type="i" name="app-folder-remove-button">
      <default>1</default>
    </key>
    <key type="b" name="app-folder-close-button">
      <default>true</default>
    </key>
    <key type="i" name="app-grid-page-width-scale">
      <default>90</default>
    </key>
    <key type="i" name="app-grid-page-height-scale">
      <default>90</default>
    </key>
    <key type="b" name="app-grid-show-page-arrows">
      <default>true</default>
    </key>
    <key type="b" name="app-grid-remember-page">
      <default>false</default>
    </key>
    <key type="i" name="dash-show-windows-before-activation">
      <default>1</default>
    </key>
    <key type="i" name="dash-icon-scroll">
      <default>1</default>
    </key>
    <key type="b" name="dash-isolate-workspaces">
      <default>false</default>
    </key>
    <key type="b" name="app-menu-force-quit">
      <default>true</default>
    </key>
    <key type="b" name="app-menu-close-wins-ws">
      <default>true</default>
    </key>
    <key type="b" name="app-menu-move-app">
      <default>true</default>
    </key>
    <key type="b" name="app-menu-window-tmb">
      <default>true</default>
    </key>
    <key type="i" name="search-windows-icon-scroll">
      <default>1</default>
    </key>
    <key type="b" name="search-windows-enable">
      <default>true</default>
    </key>
    <key type="i" name="search-windows-order">
      <default>1</default>
    </key>
    <key type="b" name="search-fuzzy">
      <default>false</default>
    </key>
    <key type="i" name="search-max-results-rows">
      <default>5</default>
    </key>
    <key type="i" name="search-app-grid-mode">
      <default>1</default>
    </key>
    <key type="b" name="search-include-settings">
      <default>true</default>
    </key>
    <key type="i" name="search-results-bg-style">
      <default>0</default>
    </key>
    <key type="i" name="panel-visibility">
      <default>0</default>
    </key>
    <key type="i" name="panel-position">
      <default>0</default>
    </key>
    <key type="i" name="panel-overview-style">
      <default>1</default>
    </key>
    <key type="i" name="window-attention-mode">
      <default>0</default>
    </key>
    <key type="i" name="ws-sw-popup-h-position">
      <default>50</default>
    </key>
    <key type="i" name="ws-sw-popup-v-position">
      <default>95</default>
    </key>
    <key type="i" name="ws-sw-popup-mode">
      <default>1</default>
    </key>
    <key type="b" name="ws-switcher-wraparound">
      <default>false</default>
    </key>
    <key type="b" name="ws-switcher-ignore-last">
      <default>false</default>
    </key>
    <key type="i" name="favorites-notify">
      <default>1</default>
    </key>
    <key type="i" name="notification-position">
      <default>2</default>
    </key>
    <key type="i" name="osd-position">
      <default>6</default>
    </key>
    <key type="i" name="hot-corner-action">
      <default>1</default>
    </key>
    <key type="i" name="hot-corner-position">
      <default>0</default>
    </key>
    <key type="b" name="hot-corner-fullscreen">
      <default>true</default>
    </key>
    <key type="b" name="hot-corner-ripples">
      <default>true</default>
    </key>
    <key type="b" name="always-activate-selected-window">
      <default>false</default>
    </key>
    <key type="i" name="win-preview-sec-mouse-btn-action">
      <default>3</default>
    </key>
    <key type="i" name="win-preview-mid-mouse-btn-action">
      <default>0</default>
    </key>
    <key type="b" name="win-preview-show-close-button">
      <default>true</default>
    </key>
    <key type="i" name="window-icon-click-action">
      <default>1</default>
    </key>
    <key type="i" name="win-preview-height-compensation">
      <default>50</default>
    </key>
    <key type="i" name="overlay-key-primary">
      <default>1</default>
    </key>
    <key type="i" name="overlay-key-secondary">
      <default>1</default>
    </key>
    <key type="i" name="overview-esc-behavior">
      <default>0</default>
    </key>
    <key type="b" name="click-empty-close">
      <default>false</default>
    </key>
    <key type="i" name="overview-sort-windows">
      <default>0</default>
    </key>
    <key type="i" name="overview-select-window">
      <default>0</default>
    </key>
    <key type="b" name="new-window-focus-fix">
      <default>false</default>
    </key>
    <key type="b" name="new-window-monitor-fix">
      <default>false</default>
    </key>
    <key type="b" name="app-grid-performance">
      <default>false</default>
    </key>
    <key name='highlighting-style' type='i'>
      <default>1</default>
    </key>
    <key type="b" name="delay-startup">
      <default>false</default>
    </key>

    <key type="b" name="workspace-switcher-popup-module">
      <default>true</default>
    </key>
    <key type="b" name="workspace-animation-module">
      <default>true</default>
    </key>
    <key type="b" name="workspace-module">
      <default>true</default>
    </key>
    <key type="b" name="window-manager-module">
      <default>true</default>
    </key>
    <key type="b" name="window-preview-module">
      <default>true</default>
    </key>
    <key type="b" name="win-attention-handler-module">
      <default>true</default>
    </key>
    <key type="b" name="swipe-tracker-module">
      <default>true</default>
    </key>
    <key type="b" name="search-controller-module">
      <default>true</default>
    </key>
    <key type="b" name="search-module">
      <default>true</default>
    </key>
    <key type="b" name="panel-module">
      <default>true</default>
    </key>
    <key type="b" name="overlay-key-module">
      <default>true</default>
    </key>
    <key type="b" name="osd-window-module">
      <default>true</default>
    </key>
    <key type="b" name="message-tray-module">
      <default>true</default>
    </key>
    <key type="b" name="layout-module">
      <default>true</default>
    </key>
    <key type="b" name="dash-module">
      <default>true</default>
    </key>
    <key type="b" name="app-display-module">
      <default>true</default>
    </key>
    <key type="b" name="app-favorites-module">
      <default>true</default>
    </key>
    <key type="b" name="recent-files-search-provider-module">
      <default>false</default>
    </key>

    <key type="b" name="aaa-loading-profile">
      <default>false</default>
    </key>

    <key type="s" name="profile-name-1">
      <default>""</default>
    </key>
    <key type="a{ss}" name="profile-data-1">
      <default>{
        'workspaceThumbnailsPosition': '1',
        'wsMaxSpacing': '350',
        'wsPreviewScale': '95',
        'secWsPreviewScale': '95',
        'secWsPreviewShift': 'false',
        'wsThumbnailsFull': 'false',
        'secWsThumbnailsPosition': '2',
        'dashPosition': '3',
        'dashPositionAdjust': '0',
        'wsTmbPositionAdjust': '-80',
        'showWsTmbLabels': '3',
        'showWsTmbLabelsOnHover': 'false',
        'closeWsButtonMode': '2',
        'secWsTmbPositionAdjust': '-80',
        'dashMaxIconSize': '0',
        'centerDashToWs': 'false',
        'showAppsIconPosition': '1',
        'wsThumbnailScale': '13',
        'wsThumbnailScaleAppGrid': '13',
        'secWsThumbnailScale': '13',
        'showSearchEntry': 'true',
        'centerSearch': 'true',
        'centerAppGrid': 'true',
        'dashBgOpacity': '80',
        'dashBgColor': '0',
        'dashBgRadius': '0',
        'dashBgGS3Style': 'true',
        'runningDotStyle': '1',
        'showWsSwitcherBg': 'true',
        'showWsPreviewBg': 'false',
        'wsPreviewBgRadius': '30',
        'overviewBgBrightness': '30',
        'appGridBgBrightness': '30',
        'searchBgBrightness': '30',
        'overviewBgBlurSigma': '0',
        'appGridBgBlurSigma': '100',
        'smoothBlurTransitions': 'false',
        'appGridAnimation': '4',
        'searchViewAnimation': '0',
        'workspaceAnimation': '1',
        'animationSpeedFactor': '100',
        'winPreviewIconSize': '1',
        'winTitlePosition': '0',
        'startupState': '0',
        'overviewMode': '0',
        'wsSwitcherMode': '0',
        'workspaceSwitcherAnimation': '1',
        'searchIconSize': '0',
        'searchViewScale': '100',
        'appGridIconSize': '-1',
        'appGridColumns': '0',
        'appGridRows': '0',
        'appGridFolderIconSize': '-1',
        'appGridFolderColumns': '0',
        'appGridFolderRows': '0',
        'appGridFolderIconGrid': '2',
        'appGridContent': '2',
        'appGridIncompletePages': 'false',
        'appGridOrder': '0',
        'appFolderOrder': '0',
        'appGridNamesMode': '1',
        'appGridActivePreview': 'false',
        'appGridFolderCenter': 'false',
        'appGridPageWidthScale': '90',
        'appGridPageHeightScale': '90',
        'appGridSpacing': '12',
        'appGridFolderSpacing': '12',
        'appGridShowPageArrows': 'false',
        'searchWindowsOrder': '1',
        'searchFuzzy': 'false',
        'searchMaxResultsRows': '5',
        'searchAppGridMode': '1',
        'dashShowWindowsBeforeActivation': '1',
        'dashIconScroll': '1',
        'dashIsolateWorkspaces': 'false',
        'searchWindowsIconScroll': '1',
        'panelVisibility': '0',
        'panelPosition': '0',
        'windowAttentionMode': '0',
        'wsSwPopupHPosition': '50',
        'wsSwPopupVPosition': '95',
        'wsSwPopupMode': '1',
        'wsSwitcherWraparound': 'false',
        'wsSwitcherIgnoreLast': 'false',
        'favoritesNotify': '1',
        'notificationPosition': '1',
        'osdPosition': '6',
        'hotCornerAction': '1',
        'hotCornerPosition': '0',
        'hotCornerFullscreen': 'true',
        'hotCornerRipples': 'true',
        'alwaysActivateSelectedWindow': 'false',
        'winPreviewSecBtnAction': '3',
        'winPreviewMidBtnAction': '1',
        'winPreviewShowCloseButton': 'true',
        'windowIconClickAction': '1',
        'overlayKeyPrimary': '1',
        'overlayKeySecondary': '1',
        'overviewEscBehavior': '0',
        'newWindowFocusFix': 'false',
        'newWindowMonitorFix': '0',
        'highlightingStyle': '1',

        'workspaceSwitcherPopupModule': 'true',
        'workspaceAnimationModule': 'true',
        'workspaceModule': 'true',
        'windowManagerModule': 'true',
        'windowPreviewModule': 'true',
        'windowAttentionHandlerModule': 'true',
        'swipeTrackerModule': 'true',
        'searchControllerModule': 'true',
        'searchModule': 'true',
        'panelModule': 'true',
        'overlayKeyModule': 'true',
        'osdWindowModule': 'true',
        'messageTrayModule': 'true',
        'layoutModule': 'true',
        'dashModule': 'true',
        'appFavoritesModule': 'true',
        'appDisplayModule': 'true'
      }</default>
    </key>

    <key type="s" name="profile-name-2">
      <default>""</default>
    </key>
    <key type="a{ss}" name="profile-data-2">
      <default>{
        'workspaceThumbnailsPosition': '5',
        'wsMaxSpacing': '80',
        'wsPreviewScale': '95',
        'secWsPreviewScale': '95',
        'secWsPreviewShift': 'false',
        'wsThumbnailsFull': 'false',
        'secWsThumbnailsPosition': '2',
        'dashPosition': '2',
        'dashPositionAdjust': '0',
        'wsTmbPositionAdjust': '0',
        'showWsTmbLabels': '0',
        'showWsTmbLabelsOnHover': 'false',
        'closeWsButtonMode': '2',
        'secWsTmbPositionAdjust': '0',
        'dashMaxIconSize': '0',
        'centerDashToWs': 'false',
        'showAppsIconPosition': '1',
        'wsThumbnailScale': '5',
        'wsThumbnailScaleAppGrid': '15',
        'secWsThumbnailScale': '5',
        'showSearchEntry': 'false',
        'centerSearch': 'true',
        'centerAppGrid': 'true',
        'dashBgOpacity': '20',
        'dashBgColor': '1',
        'dashBgRadius': '0',
        'dashBgGS3Style': 'false',
        'runningDotStyle': '1',
        'showWsSwitcherBg': 'true',
        'showWsPreviewBg': 'true',
        'wsPreviewBgRadius': '30',
        'overviewBgBrightness': '50',
        'appGridBgBrightness': '50',
        'searchBgBrightness': '30',
        'overviewBgBlurSigma': '50',
        'appGridBgBlurSigma': '100',
        'smoothBlurTransitions': 'false',
        'appGridAnimation': '4',
        'searchViewAnimation': '0',
        'workspaceAnimation': '1',
        'animationSpeedFactor': '100',
        'winPreviewIconSize': '1',
        'winTitlePosition': '0',
        'startupState': '0',
        'overviewMode': '0',
        'wsSwitcherMode': '0',
        'workspaceSwitcherAnimation': '0',
        'searchIconSize': '0',
        'searchViewScale': '100',
        'appGridIconSize': '-1',
        'appGridColumns': '0',
        'appGridRows': '0',
        'appGridFolderIconSize': '-1',
        'appGridFolderColumns': '0',
        'appGridFolderRows': '0',
        'appGridFolderIconGrid': '2',
        'appGridContent': '2',
        'appGridIncompletePages': 'false',
        'appGridOrder': '0',
        'appFolderOrder': '0',
        'appGridNamesMode': '1',
        'appGridActivePreview': 'false',
        'appGridFolderCenter': 'true',
        'appGridPageWidthScale': '80',
        'appGridPageHeightScale': '90',
        'appGridSpacing': '12',
        'appGridFolderSpacing': '12',
        'appGridShowPageArrows': 'true',
        'searchWindowsOrder': '1',
        'searchFuzzy': 'false',
        'searchMaxResultsRows': '5',
        'searchAppGridMode': '1',
        'dashShowWindowsBeforeActivation': '1',
        'dashIconScroll': '1',
        'dashIsolateWorkspaces': 'false',
        'searchWindowsIconScroll': '1',
        'panelVisibility': '0',
        'panelPosition': '0',
        'windowAttentionMode': '0',
        'wsSwPopupHPosition': '50',
        'wsSwPopupVPosition': '95',
        'wsSwPopupMode': '1',
        'wsSwitcherWraparound': 'false',
        'wsSwitcherIgnoreLast': 'false',
        'favoritesNotify': '1',
        'notificationPosition': '1',
        'osdPosition': '6',
        'hotCornerAction': '1',
        'hotCornerPosition': '6',
        'hotCornerFullscreen': 'true',
        'hotCornerRipples': 'false',
        'alwaysActivateSelectedWindow': 'false',
        'winPreviewSecBtnAction': '2',
        'winPreviewMidBtnAction': '1',
        'winPreviewShowCloseButton': 'true',
        'windowIconClickAction': '1',
        'overlayKeyPrimary': '1',
        'overlayKeySecondary': '1',
        'overviewEscBehavior': '0',
        'newWindowFocusFix': 'false',
        'newWindowMonitorFix': '0',
        'highlightingStyle': '1',

        'workspaceSwitcherPopupModule': 'true',
        'workspaceAnimationModule': 'true',
        'workspaceModule': 'true',
        'windowManagerModule': 'true',
        'windowPreviewModule': 'true',
        'windowAttentionHandlerModule': 'true',
        'swipeTrackerModule': 'true',
        'searchControllerModule': 'true',
        'searchModule': 'true',
        'panelModule': 'true',
        'overlayKeyModule': 'true',
        'osdWindowModule': 'true',
        'messageTrayModule': 'true',
        'layoutModule': 'true',
        'dashModule': 'true',
        'appFavoritesModule': 'true',
        'appDisplayModule': 'true'
      }</default>
    </key>

    <key type="s" name="profile-name-3">
      <default>""</default>
    </key>
    <key type="a{ss}" name="profile-data-3">
      <default>{
        'workspaceThumbnailsPosition': '0',
        'wsMaxSpacing': '350',
        'wsPreviewScale': '95',
        'secWsPreviewScale': '95',
        'secWsPreviewShift': 'false',
        'wsThumbnailsFull': 'false',
        'secWsThumbnailsPosition': '2',
        'dashPosition': '0',
        'dashPositionAdjust': '-100',
        'wsTmbPositionAdjust': '-100',
        'showWsTmbLabels': '3',
        'showWsTmbLabelsOnHover': 'false',
        'closeWsButtonMode': '2',
        'secWsTmbPositionAdjust': '-100',
        'dashMaxIconSize': '0',
        'centerDashToWs': 'false',
        'showAppsIconPosition': '0',
        'wsThumbnailScale': '13',
        'wsThumbnailScaleAppGrid': '13',
        'secWsThumbnailScale': '13',
        'showSearchEntry': 'false',
        'centerSearch': 'true',
        'centerAppGrid': 'false',
        'dashBgOpacity': '15',
        'dashBgColor': '1',
        'dashBgRadius': '0',
        'dashBgGS3Style': 'false',
        'runningDotStyle': '1',
        'showWsSwitcherBg': 'false',
        'showWsPreviewBg': 'true',
        'wsPreviewBgRadius': '30',
        'overviewBgBrightness': '60',
        'appGridBgBrightness': '60',
        'searchBgBrightness': '30',
        'overviewBgBlurSigma': '30',
        'appGridBgBlurSigma': '100',
        'smoothBlurTransitions': 'false',
        'appGridAnimation': '4',
        'searchViewAnimation': '0',
        'workspaceAnimation': '1',
        'animationSpeedFactor': '100',
        'winPreviewIconSize': '1',
        'winTitlePosition': '0',
        'startupState': '2',
        'overviewMode': '1',
        'wsSwitcherMode': '0',
        'workspaceSwitcherAnimation': '1',
        'searchIconSize': '0',
        'searchViewScale': '100',
        'appGridIconSize': '-1',
        'appGridColumns': '0',
        'appGridRows': '0',
        'appGridFolderIconSize': '-1',
        'appGridFolderColumns': '0',
        'appGridFolderRows': '0',
        'appGridFolderIconGrid': '3',
        'appGridContent': '2',
        'appGridIncompletePages': 'false',
        'appGridOrder': '0',
        'appFolderOrder': '0',
        'appGridNamesMode': '1',
        'appGridActivePreview': 'true',
        'appGridFolderCenter': 'false',
        'appGridPageWidthScale': '90',
        'appGridPageHeightScale': '90',
        'appGridSpacing': '12',
        'appGridFolderSpacing': '12',
        'appGridShowPageArrows': 'false',
        'searchWindowsOrder': '1',
        'searchFuzzy': 'false',
        'searchMaxResultsRows': '5',
        'searchAppGridMode': '1',
        'dashShowWindowsBeforeActivation': '1',
        'dashIconScroll': '1',
        'dashIsolateWorkspaces': 'false',
        'searchWindowsIconScroll': '1',
        'panelVisibility': '0',
        'panelPosition': '0',
        'windowAttentionMode': '0',
        'wsSwPopupHPosition': '50',
        'wsSwPopupVPosition': '95',
        'wsSwPopupMode': '1',
        'wsSwitcherWraparound': 'false',
        'wsSwitcherIgnoreLast': 'false',
        'favoritesNotify': '0',
        'notificationPosition': '2',
        'osdPosition': '6',
        'hotCornerAction': '1',
        'hotCornerPosition': '1',
        'hotCornerFullscreen': 'true',
        'hotCornerRipples': 'true',
        'alwaysActivateSelectedWindow': 'false',
        'winPreviewSecBtnAction': '2',
        'winPreviewMidBtnAction': '1',
        'winPreviewShowCloseButton': 'true',
        'windowIconClickAction': '1',
        'overlayKeyPrimary': '1',
        'overlayKeySecondary': '1',
        'overviewEscBehavior': '0',
        'newWindowFocusFix': 'false',
        'newWindowMonitorFix': '0',
        'highlightingStyle': '1',

        'workspaceSwitcherPopupModule': 'true',
        'workspaceAnimationModule': 'true',
        'workspaceModule': 'true',
        'windowManagerModule': 'true',
        'windowPreviewModule': 'true',
        'windowAttentionHandlerModule': 'true',
        'swipeTrackerModule': 'true',
        'searchControllerModule': 'true',
        'searchModule': 'true',
        'panelModule': 'true',
        'overlayKeyModule': 'true',
        'osdWindowModule': 'true',
        'messageTrayModule': 'true',
        'layoutModule': 'true',
        'dashModule': 'true',
        'appFavoritesModule': 'true',
        'appDisplayModule': 'true'
      }</default>
    </key>

    <key type="s" name="profile-name-4">
      <default>""</default>
    </key>
    <key type="a{ss}" name="profile-data-4">
      <default>{
        'workspaceThumbnailsPosition': '6',
        'wsMaxSpacing': '65',
        'wsPreviewScale': '95',
        'secWsPreviewScale': '95',
        'secWsPreviewShift': 'false',
        'wsThumbnailsFull': 'false',
        'secWsThumbnailsPosition': '2',
        'dashPosition': '2',
        'dashPositionAdjust': '0',
        'wsTmbPositionAdjust': '0',
        'showWsTmbLabels': '3',
        'showWsTmbLabelsOnHover': 'false',
        'closeWsButtonMode': '2',
        'secWsTmbPositionAdjust': '0',
        'dashMaxIconSize': '0',
        'centerDashToWs': 'false',
        'showAppsIconPosition': '1',
        'wsThumbnailScale': '10',
        'wsThumbnailScaleAppGrid': '10',
        'secWsThumbnailScale': '10',
        'showSearchEntry': 'false',
        'centerSearch': 'true',
        'centerAppGrid': 'false',
        'dashBgOpacity': '100',
        'dashBgColor': '0',
        'dashBgRadius': '0',
        'dashBgGS3Style': 'false',
        'runningDotStyle': '1',
        'showWsSwitcherBg': 'true',
        'showWsPreviewBg': 'true',
        'wsPreviewBgRadius': '30',
        'overviewBgBrightness': '60',
        'appGridBgBrightness': '60',
        'searchBgBrightness': '30',
        'overviewBgBlurSigma': '80',
        'appGridBgBlurSigma': '100',
        'smoothBlurTransitions': 'false',
        'appGridAnimation': '4',
        'searchViewAnimation': '3',
        'workspaceAnimation': '1',
        'animationSpeedFactor': '100',
        'winPreviewIconSize': '1',
        'winTitlePosition': '0',
        'startupState': '2',
        'overviewMode': '2',
        'wsSwitcherMode': '0',
        'workspaceSwitcherAnimation': '1',
        'searchIconSize': '0',
        'searchViewScale': '100',
        'appGridIconSize': '-1',
        'appGridColumns': '0',
        'appGridRows': '0',
        'appGridFolderIconSize': '-1',
        'appGridFolderColumns': '0',
        'appGridFolderRows': '0',
        'appGridFolderIconGrid': '3',
        'appGridContent': '2',
        'appGridIncompletePages': 'false',
        'appGridOrder': '0',
        'appFolderOrder': '0',
        'appGridNamesMode': '1',
        'appGridActivePreview': 'true',
        'appGridFolderCenter': 'false',
        'appGridPageWidthScale': '80',
        'appGridPageHeightScale': '90',
        'appGridSpacing': '12',
        'appGridFolderSpacing': '12',
        'appGridShowPageArrows': 'true',
        'searchWindowsOrder': '1',
        'searchFuzzy': 'false',
        'searchMaxResultsRows': '5',
        'searchAppGridMode': '1',
        'dashShowWindowsBeforeActivation': '1',
        'dashIconScroll': '1',
        'dashIsolateWorkspaces': 'false',
        'searchWindowsIconScroll': '1',
        'panelVisibility': '0',
        'panelPosition': '0',
        'windowAttentionMode': '0',
        'wsSwPopupHPosition': '50',
        'wsSwPopupVPosition': '95',
        'wsSwPopupMode': '1',
        'wsSwitcherWraparound': 'false',
        'wsSwitcherIgnoreLast': 'false',
        'favoritesNotify': '0',
        'notificationPosition': '1',
        'osdPosition': '6',
        'hotCornerAction': '1',
        'hotCornerPosition': '6',
        'hotCornerFullscreen': 'true',
        'hotCornerRipples': 'false',
        'alwaysActivateSelectedWindow': 'false',
        'winPreviewSecBtnAction': '2',
        'winPreviewMidBtnAction': '1',
        'winPreviewShowCloseButton': 'true',
        'windowIconClickAction': '1',
        'overlayKeyPrimary': '1',
        'overlayKeySecondary': '1',
        'overviewEscBehavior': '0',
        'newWindowFocusFix': 'false',
        'newWindowMonitorFix': '0',
        'highlightingStyle': '1',

        'workspaceSwitcherPopupModule': 'true',
        'workspaceAnimationModule': 'true',
        'workspaceModule': 'true',
        'windowManagerModule': 'true',
        'windowPreviewModule': 'true',
        'windowAttentionHandlerModule': 'true',
        'swipeTrackerModule': 'true',
        'searchControllerModule': 'true',
        'searchModule': 'true',
        'panelModule': 'true',
        'overlayKeyModule': 'true',
        'osdWindowModule': 'true',
        'messageTrayModule': 'true',
        'layoutModule': 'true',
        'dashModule': 'true',
        'appFavoritesModule': 'true',
        'appDisplayModule': 'true'
      }</default>
    </key>

  </schema>
</schemalist>
