{
  "_generated": "Generated by SweetTooth, do not edit",
  "description": "Remix of vertical-workspaces@G-dH.github.com for the Hippo OS",
  "donations": {
    "buymeacoffee": "georgdh"
  },
  "gettext-domain": "hippo-tv-layout",
  "name": "Hippo TV (Remix V-Shell)",
  "session-modes": [
    "unlock-dialog",
    "user"
  ],
  "settings-schema": "org.gnome.shell.extensions.hippo-tv-layout",
  "shell-version": [
    "45",
    "46",
    "47",
    "48"
  ],
  "url": "https://github.com/djaquels/hippo-tv-layout",
  "uuid": "hippo-tv-layout@djaquels",
  "version": 91,
  "version-name": "48.9"
}